{"cameraMode":{"drawMode":0,"name":"Shaded","section":"Shading Mode"},"sceneLighting":true,"audioPlay":false,"sceneViewState":{"showFog":false,"showMaterialUpdate":false,"showSkybox":false,"showFlares":false,"showImageEffects":false,"showParticleSystems":false},"in2DMode":false,"pivot":{"x":643.697265625,"y":1169.02294921875,"z":-47.9342041015625},"rotation":{"x":-0.014689152128994465,"y":-0.01050536148250103,"z":-0.0001550673769088462,"w":0.9998376369476318},"size":739.4462280273438,"orthographic":false}